Id;X;Y;Z
0;-0.525731;0.850651;0.0
1;0.525731;0.850651;0.0
2;-0.525731;-0.850651;0.0
3;0.525731;-0.850651;0.0
4;0.0;-0.525731;0.850651
5;0.0;0.525731;0.850651
6;0.0;-0.525731;-0.850651
7;0.0;0.525731;-0.850651
8;0.850651;0.0;-0.525731
9;0.850651;0.0;0.525731
10;-0.850651;0.0;-0.525731
11;-0.850651;0.0;0.525731
