Id;Marker;X;Y;Z
0;0;0.57735;0.57735;0.57735
1;0;-0.57735;-0.57735;0.57735
2;0;-0.57735;0.57735;-0.57735
3;0;0.57735;-0.57735;-0.57735
